arm,day,dispatched,delivered,meta_cost
A,2026-10-01,1906,1836,77.4430
A,2026-10-02,2442,2345,105.5620
A,2026-10-03,6363,6194,1286.0600
A,2026-10-04,2641,2568,117.0800
A,2026-10-05,2762,2638,124.0420
A,2026-10-06,2604,2495,118.1970
A,2026-10-07,2591,2496,127.7780
A,2026-10-08,2852,2737,137.6170
A,2026-10-09,2806,2731,148.6510
A,2026-10-10,6334,6190,1322.7550
A,2026-10-11,2699,2637,139.6000
A,2026-10-12,2631,2581,144.4230
A,2026-10-13,2796,2699,153.5350
A,2026-10-14,2659,2591,150.5300
A,2026-10-15,2926,2823,160.5570
A,2026-10-16,2691,2613,149.9960
A,2026-10-17,6369,6185,1317.0610
A,2026-10-18,2630,2539,143.4830
A,2026-10-19,2868,2797,148.0900
A,2026-10-20,2800,2707,144.5840
A,2026-10-21,2912,2827,143.8650
A,2026-10-22,2766,2704,149.8060
A,2026-10-23,2724,2620,141.7780
A,2026-10-24,6361,6097,1293.0670
A,2026-10-25,2777,2692,144.3700
A,2026-10-26,2771,2714,142.3000
A,2026-10-27,2714,2643,134.7580
A,2026-10-28,2725,2605,144.8370
A,2026-10-29,2796,2700,148.0350
A,2026-10-30,2842,2757,155.6400
A,2026-10-31,147,144,33.7950
A,2026-11-01,142,140,33.1370
A,2026-11-02,121,116,29.9070
A,2026-11-03,83,81,21.4250
A,2026-11-04,51,50,13.1350
A,2026-11-05,17,17,5.6800
A,2026-11-06,1,1,0.3360
B,2026-10-01,1832,1762,74.8410
B,2026-10-02,2352,2259,101.6460
B,2026-10-03,5836,5683,1148.2230
B,2026-10-04,2535,2463,112.2300
B,2026-10-05,2657,2534,118.5700
B,2026-10-06,2500,2391,115.0350
B,2026-10-07,2497,2406,122.1380
B,2026-10-08,2736,2622,132.4410
B,2026-10-09,2696,2623,140.8110
B,2026-10-10,5824,5700,1187.2680
B,2026-10-11,2612,2553,134.2600
B,2026-10-12,2543,2495,138.4370
B,2026-10-13,2683,2588,147.3830
B,2026-10-14,2575,2507,146.9480
B,2026-10-15,2814,2712,154.1630
B,2026-10-16,2592,2517,144.5480
B,2026-10-17,5805,5631,1158.4440
B,2026-10-18,2535,2445,138.1130
B,2026-10-19,2789,2719,143.3930
B,2026-10-20,2709,2617,140.3960
B,2026-10-21,2799,2721,139.1550
B,2026-10-22,2660,2600,143.7040
B,2026-10-23,2628,2524,137.1800
B,2026-10-24,5890,5643,1165.1770
B,2026-10-25,2675,2590,138.5600
B,2026-10-26,2673,2618,137.8320
B,2026-10-27,2619,2550,129.9980
B,2026-10-28,2631,2515,139.5730
B,2026-10-29,2703,2608,142.9630
B,2026-10-30,2757,2673,150.9820
B,2026-10-31,139,136,32.4230
B,2026-11-01,138,136,32.0890
B,2026-11-02,116,111,28.2270
B,2026-11-03,82,80,21.0890
B,2026-11-04,51,50,13.1350
B,2026-11-05,17,17,5.6800
B,2026-11-06,1,1,0.3360
C,2026-10-01,1522,1466,61.4130
C,2026-10-02,2024,1944,86.6140
C,2026-10-03,5524,5376,1134.9110
C,2026-10-04,2265,2201,100.9460
C,2026-10-05,2338,2230,104.9180
C,2026-10-06,2197,2105,104.6370
C,2026-10-07,2228,2145,112.9180
C,2026-10-08,2434,2328,120.0310
C,2026-10-09,2381,2317,128.0350
C,2026-10-10,5526,5408,1175.1000
C,2026-10-11,2315,2259,122.8380
C,2026-10-12,2271,2234,127.0990
C,2026-10-13,2383,2295,134.5410
C,2026-10-14,2301,2242,135.8180
C,2026-10-15,2494,2405,143.4830
C,2026-10-16,2294,2227,135.2920
C,2026-10-17,5488,5317,1146.0420
C,2026-10-18,2258,2182,126.8430
C,2026-10-19,2482,2419,131.1730
C,2026-10-20,2414,2332,128.7680
C,2026-10-21,2469,2397,127.4070
C,2026-10-22,2388,2333,132.4580
C,2026-10-23,2337,2240,125.4380
C,2026-10-24,5593,5362,1152.9510
C,2026-10-25,2349,2277,125.6720
C,2026-10-26,2378,2328,126.1760
C,2026-10-27,2321,2257,118.2040
C,2026-10-28,2342,2237,128.2710
C,2026-10-29,2369,2285,128.8030
C,2026-10-30,2433,2358,136.6580
C,2026-10-31,132,129,31.9870
C,2026-11-01,128,126,31.5290
C,2026-11-02,112,108,28.1070
C,2026-11-03,79,77,20.9890
C,2026-11-04,48,47,13.0350
C,2026-11-05,17,17,5.6800
C,2026-11-06,1,1,0.3360
D,2026-10-01,1207,1162,47.6850
D,2026-10-02,1691,1626,71.4620
D,2026-10-03,5208,5065,1120.8990
D,2026-10-04,2001,1947,89.8020
D,2026-10-05,2018,1923,90.9860
D,2026-10-06,1901,1828,93.6690
D,2026-10-07,1970,1892,102.4000
D,2026-10-08,2134,2038,110.4570
D,2026-10-09,2065,2010,114.8650
D,2026-10-10,5224,5110,1162.7040
D,2026-10-11,2017,1966,111.4720
D,2026-10-12,1999,1965,115.0890
D,2026-10-13,2089,2007,121.8890
D,2026-10-14,2029,1975,123.7080
D,2026-10-15,2182,2103,129.0310
D,2026-10-16,2002,1945,122.6720
D,2026-10-17,5170,5002,1135.6740
D,2026-10-18,1982,1917,117.8790
D,2026-10-19,2177,2123,121.6630
D,2026-10-20,2120,2048,117.8080
D,2026-10-21,2141,2081,115.9750
D,2026-10-22,2116,2067,121.0700
D,2026-10-23,2048,1961,114.0760
D,2026-10-24,5297,5078,1140.6070
D,2026-10-25,2027,1971,113.0300
D,2026-10-26,2080,2035,114.5800
D,2026-10-27,2025,1967,106.5180
D,2026-10-28,2058,1965,117.3530
D,2026-10-29,2041,1970,114.9310
D,2026-10-30,2119,2052,122.4700
D,2026-10-31,132,129,31.9870
D,2026-11-01,128,126,31.5290
D,2026-11-02,112,108,28.1070
D,2026-11-03,79,77,20.9890
D,2026-11-04,48,47,13.0350
D,2026-11-05,17,17,5.6800
D,2026-11-06,1,1,0.3360
E,2026-10-01,1207,1162,47.6850
E,2026-10-02,1691,1626,71.4620
E,2026-10-03,5208,5065,1120.8990
E,2026-10-04,2009,1955,88.3230
E,2026-10-05,2028,1933,90.3140
E,2026-10-06,1900,1827,90.3090
E,2026-10-07,1981,1903,97.8970
E,2026-10-08,2136,2039,106.4250
E,2026-10-09,2058,2001,109.7560
E,2026-10-10,5225,5111,1158.9510
E,2026-10-11,2021,1971,105.6340
E,2026-10-12,2008,1974,109.3290
E,2026-10-13,2081,1999,116.3150
E,2026-10-14,2022,1970,115.7160
E,2026-10-15,2177,2098,123.5200
E,2026-10-16,2005,1948,120.5270
E,2026-10-17,5167,4999,1130.9700
E,2026-10-18,1988,1922,114.9210
E,2026-10-19,2177,2123,116.8300
E,2026-10-20,2117,2046,111.8260
E,2026-10-21,2146,2085,111.5380
E,2026-10-22,2127,2076,117.0380
E,2026-10-23,2051,1963,109.4380
E,2026-10-24,5292,5074,1133.6170
E,2026-10-25,2017,1962,106.5110
E,2026-10-26,2082,2038,110.6860
E,2026-10-27,2020,1959,101.8230
E,2026-10-28,2064,1972,114.0650
E,2026-10-29,2057,1987,110.9050
E,2026-10-30,2116,2050,116.9650
E,2026-10-31,122,118,23.6590
E,2026-11-01,122,121,25.0940
E,2026-11-02,104,101,22.4790
E,2026-11-03,71,69,18.5020
E,2026-11-04,44,43,11.9040
E,2026-11-05,13,13,4.3360
E,2026-11-06,1,1,0.3360
F,2026-10-01,1207,1162,47.6850
F,2026-10-02,1691,1626,71.4620
F,2026-10-03,5208,5065,1120.8990
F,2026-10-04,2009,1955,88.3230
F,2026-10-05,2028,1933,90.3140
F,2026-10-06,1900,1827,90.3090
F,2026-10-07,1981,1903,97.8970
F,2026-10-08,2136,2039,106.4250
F,2026-10-09,2058,2001,109.7560
F,2026-10-10,5225,5111,1158.9510
F,2026-10-11,2021,1971,105.6340
F,2026-10-12,2008,1974,109.3290
F,2026-10-13,2081,1999,116.3150
F,2026-10-14,2022,1970,115.7160
F,2026-10-15,2177,2098,123.5200
F,2026-10-16,2005,1948,120.5270
F,2026-10-17,5167,4999,1130.9700
F,2026-10-18,1988,1922,114.9210
F,2026-10-19,2177,2123,116.8300
F,2026-10-20,2117,2046,111.8260
F,2026-10-21,2146,2085,111.5380
F,2026-10-22,2127,2076,117.0380
F,2026-10-23,2051,1963,109.4380
F,2026-10-24,5292,5074,1133.6170
F,2026-10-25,2017,1962,106.5110
F,2026-10-26,2082,2038,110.6860
F,2026-10-27,2020,1959,101.8230
F,2026-10-28,2064,1972,114.0650
F,2026-10-29,2057,1987,110.9050
F,2026-10-30,2116,2050,116.9650
F,2026-10-31,122,118,23.6590
F,2026-11-01,122,121,25.0940
F,2026-11-02,104,101,22.4790
F,2026-11-03,71,69,18.5020
F,2026-11-04,44,43,11.9040
F,2026-11-05,13,13,4.3360
F,2026-11-06,1,1,0.3360
