arm,market,category,tier,messages
A,BR,UTILITY,"List rate (1-10,000)",10088
A,BR,AUTHENTICATION,"List rate (1-10,000)",2976
A,FR,UTILITY,"List rate (1-10,000)",2012
A,NORTH_AMERICA,UTILITY,"List rate (1-10,000)",3120
A,NORTH_AMERICA,AUTHENTICATION,"List rate (1-10,000)",177
A,NG,AUTHENTICATION,"List rate (1-10,000)",78
A,NG,UTILITY,"List rate (1-10,000)",1273
A,FR,AUTHENTICATION,"List rate (1-10,000)",107
A,BR,UTILITY,"Tier 1 (10,001-25,000)",15000
A,BR,UTILITY,"Tier 2 (25,001-100,000)",32531
B,BR,UTILITY,"List rate (1-10,000)",10087
B,BR,AUTHENTICATION,"List rate (1-10,000)",2931
B,FR,UTILITY,"List rate (1-10,000)",1936
B,NORTH_AMERICA,UTILITY,"List rate (1-10,000)",2995
B,NORTH_AMERICA,AUTHENTICATION,"List rate (1-10,000)",172
B,NG,AUTHENTICATION,"List rate (1-10,000)",77
B,NG,UTILITY,"List rate (1-10,000)",1230
B,FR,AUTHENTICATION,"List rate (1-10,000)",106
B,BR,UTILITY,"Tier 1 (10,001-25,000)",15000
B,BR,UTILITY,"Tier 2 (25,001-100,000)",30373
C,BR,UTILITY,"List rate (1-10,000)",10072
C,BR,AUTHENTICATION,"List rate (1-10,000)",2931
C,FR,UTILITY,"List rate (1-10,000)",1654
C,NORTH_AMERICA,UTILITY,"List rate (1-10,000)",2586
C,NORTH_AMERICA,AUTHENTICATION,"List rate (1-10,000)",172
C,NG,AUTHENTICATION,"List rate (1-10,000)",77
C,NG,UTILITY,"List rate (1-10,000)",1045
C,FR,AUTHENTICATION,"List rate (1-10,000)",106
C,BR,UTILITY,"Tier 1 (10,001-25,000)",15000
C,BR,UTILITY,"Tier 2 (25,001-100,000)",22493
D,BR,UTILITY,"List rate (1-10,000)",10072
D,BR,AUTHENTICATION,"List rate (1-10,000)",2931
D,FR,UTILITY,"List rate (1-10,000)",1362
D,NORTH_AMERICA,UTILITY,"List rate (1-10,000)",2176
D,NORTH_AMERICA,AUTHENTICATION,"List rate (1-10,000)",172
D,NG,AUTHENTICATION,"List rate (1-10,000)",77
D,NG,UTILITY,"List rate (1-10,000)",868
D,FR,AUTHENTICATION,"List rate (1-10,000)",106
D,BR,UTILITY,"Tier 1 (10,001-25,000)",15000
D,BR,UTILITY,"Tier 2 (25,001-100,000)",14683
E,BR,UTILITY,"List rate (1-10,000)",10072
E,BR,AUTHENTICATION,"List rate (1-10,000)",2931
E,FR,UTILITY,"List rate (1-10,000)",1362
E,NORTH_AMERICA,UTILITY,"List rate (1-10,000)",2176
E,NORTH_AMERICA,AUTHENTICATION,"List rate (1-10,000)",172
E,NG,AUTHENTICATION,"List rate (1-10,000)",77
E,NG,UTILITY,"List rate (1-10,000)",868
E,FR,AUTHENTICATION,"List rate (1-10,000)",106
E,BR,UTILITY,"Tier 1 (10,001-25,000)",15000
E,BR,UTILITY,"Tier 2 (25,001-100,000)",14683
F,BR,UTILITY,"List rate (1-10,000)",10072
F,BR,AUTHENTICATION,"List rate (1-10,000)",2931
F,FR,UTILITY,"List rate (1-10,000)",1362
F,NORTH_AMERICA,UTILITY,"List rate (1-10,000)",2176
F,NORTH_AMERICA,AUTHENTICATION,"List rate (1-10,000)",172
F,NG,AUTHENTICATION,"List rate (1-10,000)",77
F,NG,UTILITY,"List rate (1-10,000)",868
F,FR,AUTHENTICATION,"List rate (1-10,000)",106
F,BR,UTILITY,"Tier 1 (10,001-25,000)",15000
F,BR,UTILITY,"Tier 2 (25,001-100,000)",14683
