scenario,dimension,level,parameter,size,seed,arm,intents,inbound,messages_sent,messages_avoided,deduplicated,superseded,consolidated,meta_cost,bsp_cost,infra_cost,total_cost,meta_savings_pct,total_savings_pct,free_fep,free_quota,paid,unknown_pricing,us_per_event
LOW_DUPLICATION,DUPLICATION,LOW,0.02,10000,20261002,A,9903,840,9903,0,0,0,0,912.202,91.2202,0.4952,1003.9174,0,0,121,709,8744,0,66
LOW_DUPLICATION,DUPLICATION,LOW,0.02,10000,20261002,B,9903,840,9680,223,223,0,0,861.177,86.1177,0.6821,947.9768,5.59,5.57,120,704,8531,0,54
LOW_DUPLICATION,DUPLICATION,LOW,0.02,10000,20261002,C,9903,840,8769,1134,217,917,0,821.399,82.1399,0.6365,904.1754,9.95,9.94,118,704,7657,0,58
LOW_DUPLICATION,DUPLICATION,LOW,0.02,10000,20261002,D,9903,840,7881,2022,217,917,888,782.223,78.2223,0.5921,861.0374,14.25,14.23,116,704,6803,0,49
LOW_DUPLICATION,DUPLICATION,LOW,0.02,10000,20261002,E,9903,840,7881,2022,217,917,888,771.615,77.1615,0.5921,849.3686,15.41,15.39,150,704,6769,0,49
LOW_DUPLICATION,DUPLICATION,LOW,0.02,10000,20261002,F,9903,840,7881,2022,217,917,888,771.615,0,0.5921,772.2071,15.41,23.08,150,704,6769,0,53
LOW_DUPLICATION,DUPLICATION,LOW,0.02,10000,20268921,A,9893,856,9893,0,0,0,0,913.084,91.3084,0.4946,1004.887,0,0,100,736,8728,0,41
LOW_DUPLICATION,DUPLICATION,LOW,0.02,10000,20268921,B,9893,856,9680,213,213,0,0,863.512,86.3512,0.6819,950.5451,5.43,5.41,99,729,8524,0,35
LOW_DUPLICATION,DUPLICATION,LOW,0.02,10000,20268921,C,9893,856,8740,1153,205,948,0,824.876,82.4876,0.6349,907.9985,9.66,9.64,99,729,7619,0,55
LOW_DUPLICATION,DUPLICATION,LOW,0.02,10000,20268921,D,9893,856,7812,2081,205,948,928,786.838,78.6838,0.5885,866.1103,13.83,13.81,99,729,6728,0,47
LOW_DUPLICATION,DUPLICATION,LOW,0.02,10000,20268921,E,9893,856,7812,2081,205,948,928,775.636,77.5636,0.5885,853.7881,15.05,15.04,132,729,6695,0,44
LOW_DUPLICATION,DUPLICATION,LOW,0.02,10000,20268921,F,9893,856,7812,2081,205,948,928,775.636,0,0.5885,776.2245,15.05,22.76,132,729,6695,0,59
LOW_DUPLICATION,DUPLICATION,LOW,0.02,10000,20276840,A,9897,785,9897,0,0,0,0,917.661,91.7661,0.4948,1009.922,0,0,109,679,8780,0,38
LOW_DUPLICATION,DUPLICATION,LOW,0.02,10000,20276840,B,9897,785,9676,221,221,0,0,867.511,86.7511,0.6817,954.9438,5.46,5.44,109,673,8568,0,38
LOW_DUPLICATION,DUPLICATION,LOW,0.02,10000,20276840,C,9897,785,8748,1149,214,935,0,827.521,82.7521,0.6353,910.9084,9.82,9.8,105,673,7672,0,55
LOW_DUPLICATION,DUPLICATION,LOW,0.02,10000,20276840,D,9897,785,7838,2059,214,935,910,788.537,78.8537,0.5898,867.9805,14.07,14.05,101,673,6798,0,44
LOW_DUPLICATION,DUPLICATION,LOW,0.02,10000,20276840,E,9897,785,7838,2059,214,935,910,775.046,77.5046,0.5898,853.1404,15.54,15.52,141,673,6758,0,52
LOW_DUPLICATION,DUPLICATION,LOW,0.02,10000,20276840,F,9897,785,7838,2059,214,935,910,775.046,0,0.5898,775.6358,15.54,23.2,141,673,6758,0,66
MEDIUM_DUPLICATION,DUPLICATION,MEDIUM,0.08,10000,20261002,A,9623,798,9623,0,0,0,0,877.614,87.7614,0.4812,965.8566,0,0,129,723,8442,0,38
MEDIUM_DUPLICATION,DUPLICATION,MEDIUM,0.08,10000,20261002,B,9623,798,9137,486,486,0,0,807.132,80.7132,0.6493,888.4945,8.03,8.01,124,689,8002,0,37
MEDIUM_DUPLICATION,DUPLICATION,MEDIUM,0.08,10000,20261002,C,9623,798,8274,1349,461,888,0,771.754,77.1754,0.6062,849.5356,12.06,12.04,120,689,7191,0,38
MEDIUM_DUPLICATION,DUPLICATION,MEDIUM,0.08,10000,20261002,D,9623,798,7417,2206,462,888,856,736.014,73.6014,0.5633,810.1787,16.13,16.12,116,689,6379,0,38
MEDIUM_DUPLICATION,DUPLICATION,MEDIUM,0.08,10000,20261002,E,9623,798,7417,2206,462,888,856,724.998,72.4998,0.5633,798.0611,17.39,17.37,148,689,6347,0,52
MEDIUM_DUPLICATION,DUPLICATION,MEDIUM,0.08,10000,20261002,F,9623,798,7417,2206,462,888,856,724.998,0,0.5633,725.5613,17.39,24.88,148,689,6347,0,54
MEDIUM_DUPLICATION,DUPLICATION,MEDIUM,0.08,10000,20268921,A,9634,795,9634,0,0,0,0,897.933,89.7933,0.4817,988.208,0,0,126,690,8489,0,38
MEDIUM_DUPLICATION,DUPLICATION,MEDIUM,0.08,10000,20268921,B,9634,795,9142,492,492,0,0,823.539,82.3539,0.6498,906.5427,8.29,8.26,120,660,8043,0,34
MEDIUM_DUPLICATION,DUPLICATION,MEDIUM,0.08,10000,20268921,C,9634,795,8281,1353,474,879,0,788.265,78.8265,0.6067,867.6982,12.21,12.19,119,660,7214,0,39
MEDIUM_DUPLICATION,DUPLICATION,MEDIUM,0.08,10000,20268921,D,9634,795,7430,2204,475,879,850,753.717,75.3717,0.5642,829.6529,16.06,16.04,117,660,6398,0,40
MEDIUM_DUPLICATION,DUPLICATION,MEDIUM,0.08,10000,20268921,E,9634,795,7430,2204,475,879,850,741.435,74.1435,0.5642,816.1427,17.43,17.41,154,660,6361,0,43
MEDIUM_DUPLICATION,DUPLICATION,MEDIUM,0.08,10000,20268921,F,9634,795,7430,2204,475,879,850,741.435,0,0.5642,741.9992,17.43,24.91,154,660,6361,0,49
MEDIUM_DUPLICATION,DUPLICATION,MEDIUM,0.08,10000,20276840,A,9645,786,9645,0,0,0,0,886.864,88.6864,0.4822,976.0326,0,0,129,661,8526,0,33
MEDIUM_DUPLICATION,DUPLICATION,MEDIUM,0.08,10000,20276840,B,9645,786,9189,456,456,0,0,821.272,82.1272,0.6524,904.0516,7.4,7.37,122,639,8103,0,33
MEDIUM_DUPLICATION,DUPLICATION,MEDIUM,0.08,10000,20276840,C,9645,786,8356,1289,424,865,0,786.77,78.677,0.6107,866.0577,11.29,11.27,122,639,7301,0,35
MEDIUM_DUPLICATION,DUPLICATION,MEDIUM,0.08,10000,20276840,D,9645,786,7522,2123,426,865,832,751.81,75.181,0.569,827.56,15.23,15.21,122,639,6493,0,36
MEDIUM_DUPLICATION,DUPLICATION,MEDIUM,0.08,10000,20276840,E,9645,786,7522,2123,426,865,832,736.297,73.6297,0.569,810.4957,16.98,16.96,170,639,6445,0,46
MEDIUM_DUPLICATION,DUPLICATION,MEDIUM,0.08,10000,20276840,F,9645,786,7522,2123,426,865,832,736.297,0,0.569,736.866,16.98,24.5,170,639,6445,0,51
HIGH_DUPLICATION,DUPLICATION,HIGH,0.2,10000,20261002,A,9187,699,9187,0,0,0,0,832.25,83.225,0.4594,915.9344,0,0,102,646,8123,0,33
HIGH_DUPLICATION,DUPLICATION,HIGH,0.2,10000,20261002,B,9187,699,8292,895,895,0,0,724.878,72.4878,0.5983,797.9641,12.9,12.88,92,595,7310,0,32
HIGH_DUPLICATION,DUPLICATION,HIGH,0.2,10000,20261002,C,9187,699,7525,1662,845,817,0,694.582,69.4582,0.56,764.6002,16.54,16.52,92,595,6581,0,38
HIGH_DUPLICATION,DUPLICATION,HIGH,0.2,10000,20261002,D,9187,699,6758,2429,846,817,766,664.126,66.4126,0.5216,731.0602,20.2,20.18,92,595,5842,0,36
HIGH_DUPLICATION,DUPLICATION,HIGH,0.2,10000,20261002,E,9187,699,6758,2429,846,817,766,652.231,65.2231,0.5216,717.9757,21.63,21.61,128,595,5806,0,49
HIGH_DUPLICATION,DUPLICATION,HIGH,0.2,10000,20261002,F,9187,699,6758,2429,846,817,766,652.231,0,0.5216,652.7526,21.63,28.73,128,595,5806,0,61
HIGH_DUPLICATION,DUPLICATION,HIGH,0.2,10000,20268921,A,9191,733,9191,0,0,0,0,845.089,84.5089,0.4596,930.0574,0,0,99,689,8087,0,32
HIGH_DUPLICATION,DUPLICATION,HIGH,0.2,10000,20268921,B,9191,733,8296,895,895,0,0,739.429,73.9429,0.5986,813.9705,12.5,12.48,91,634,7274,0,39
HIGH_DUPLICATION,DUPLICATION,HIGH,0.2,10000,20268921,C,9191,733,7534,1657,831,826,0,708.089,70.8089,0.5605,779.4584,16.21,16.19,90,634,6542,0,46
HIGH_DUPLICATION,DUPLICATION,HIGH,0.2,10000,20268921,D,9191,733,6749,2442,834,826,782,676.109,67.6109,0.5213,744.2412,20,19.98,88,634,5789,0,42
HIGH_DUPLICATION,DUPLICATION,HIGH,0.2,10000,20268921,E,9191,733,6749,2442,834,826,782,667.037,66.7037,0.5213,734.262,21.07,21.05,115,634,5762,0,50
HIGH_DUPLICATION,DUPLICATION,HIGH,0.2,10000,20268921,F,9191,733,6749,2442,834,826,782,667.037,0,0.5213,667.5583,21.07,28.22,115,634,5762,0,49
HIGH_DUPLICATION,DUPLICATION,HIGH,0.2,10000,20276840,A,9148,723,9148,0,0,0,0,832.407,83.2407,0.4574,916.1051,0,0,125,657,8050,0,37
HIGH_DUPLICATION,DUPLICATION,HIGH,0.2,10000,20276840,B,9148,723,8267,881,881,0,0,728.278,72.8278,0.5963,801.7021,12.51,12.49,115,589,7267,0,33
HIGH_DUPLICATION,DUPLICATION,HIGH,0.2,10000,20276840,C,9148,723,7494,1654,824,830,0,694.898,69.4898,0.5577,764.9455,16.52,16.5,113,589,6524,0,35
HIGH_DUPLICATION,DUPLICATION,HIGH,0.2,10000,20276840,D,9148,723,6710,2438,826,830,782,660.858,66.0858,0.5185,727.4623,20.61,20.59,111,589,5770,0,39
HIGH_DUPLICATION,DUPLICATION,HIGH,0.2,10000,20276840,E,9148,723,6710,2438,826,830,782,648.303,64.8303,0.5185,713.6518,22.12,22.1,149,589,5732,0,58
HIGH_DUPLICATION,DUPLICATION,HIGH,0.2,10000,20276840,F,9148,723,6710,2438,826,830,782,648.303,0,0.5185,648.8215,22.12,29.18,149,589,5732,0,57
LOW_AGGREGATION,AGGREGATION,LOW,0.1,10000,20261002,A,9623,842,9623,0,0,0,0,888.571,88.8571,0.4812,977.9092,0,0,132,734,8428,0,41
LOW_AGGREGATION,AGGREGATION,LOW,0.1,10000,20261002,B,9623,842,9133,490,490,0,0,818.149,81.8149,0.6491,900.613,7.93,7.9,122,704,7987,0,37
LOW_AGGREGATION,AGGREGATION,LOW,0.1,10000,20261002,C,9623,842,8886,737,486,251,0,807.025,80.7025,0.6368,888.3643,9.18,9.16,122,704,7754,0,39
LOW_AGGREGATION,AGGREGATION,LOW,0.1,10000,20261002,D,9623,842,8670,953,486,251,216,796.681,79.6681,0.626,876.9751,10.34,10.32,122,704,7545,0,41
LOW_AGGREGATION,AGGREGATION,LOW,0.1,10000,20261002,E,9623,842,8670,953,486,251,216,783.583,78.3583,0.626,862.5673,11.82,11.79,161,704,7506,0,56
LOW_AGGREGATION,AGGREGATION,LOW,0.1,10000,20261002,F,9623,842,8670,953,486,251,216,783.583,0,0.626,784.209,11.82,19.81,161,704,7506,0,73
LOW_AGGREGATION,AGGREGATION,LOW,0.1,10000,20268921,A,9630,790,9630,0,0,0,0,891.723,89.1723,0.4815,981.3768,0,0,94,710,8497,0,35
LOW_AGGREGATION,AGGREGATION,LOW,0.1,10000,20268921,B,9630,790,9149,481,481,0,0,817.903,81.7903,0.65,900.3434,8.28,8.26,87,689,8048,0,35
LOW_AGGREGATION,AGGREGATION,LOW,0.1,10000,20268921,C,9630,790,8838,792,473,319,0,804.835,80.4835,0.6345,885.953,9.74,9.72,87,689,7746,0,45
LOW_AGGREGATION,AGGREGATION,LOW,0.1,10000,20268921,D,9630,790,8554,1076,473,319,284,792.831,79.2831,0.6203,872.7344,11.09,11.07,87,689,7466,0,48
LOW_AGGREGATION,AGGREGATION,LOW,0.1,10000,20268921,E,9630,790,8554,1076,473,319,284,782.298,78.2298,0.6203,861.1481,12.27,12.25,119,689,7434,0,54
LOW_AGGREGATION,AGGREGATION,LOW,0.1,10000,20268921,F,9630,790,8554,1076,473,319,284,782.298,0,0.6203,782.9183,12.27,20.22,119,689,7434,0,52
LOW_AGGREGATION,AGGREGATION,LOW,0.1,10000,20276840,A,9652,798,9652,0,0,0,0,885.976,88.5976,0.4826,975.0562,0,0,115,693,8515,0,43
LOW_AGGREGATION,AGGREGATION,LOW,0.1,10000,20276840,B,9652,798,9198,454,454,0,0,819.778,81.9778,0.6529,902.4087,7.47,7.45,113,674,8087,0,37
LOW_AGGREGATION,AGGREGATION,LOW,0.1,10000,20276840,C,9652,798,8914,738,441,297,0,808.414,80.8414,0.6387,889.8941,8.75,8.73,113,674,7817,0,38
LOW_AGGREGATION,AGGREGATION,LOW,0.1,10000,20276840,D,9652,798,8641,1011,442,297,272,797.37,79.737,0.6251,877.7321,10,9.98,113,674,7556,0,32
LOW_AGGREGATION,AGGREGATION,LOW,0.1,10000,20276840,E,9652,798,8641,1011,442,297,272,784.275,78.4275,0.6251,863.3276,11.48,11.46,153,674,7516,0,48
LOW_AGGREGATION,AGGREGATION,LOW,0.1,10000,20276840,F,9652,798,8641,1011,442,297,272,784.275,0,0.6251,784.9001,11.48,19.5,153,674,7516,0,53
MEDIUM_AGGREGATION,AGGREGATION,MEDIUM,0.35,10000,20261002,A,9623,798,9623,0,0,0,0,877.614,87.7614,0.4812,965.8566,0,0,129,723,8442,0,36
MEDIUM_AGGREGATION,AGGREGATION,MEDIUM,0.35,10000,20261002,B,9623,798,9137,486,486,0,0,807.132,80.7132,0.6493,888.4945,8.03,8.01,124,689,8002,0,34
MEDIUM_AGGREGATION,AGGREGATION,MEDIUM,0.35,10000,20261002,C,9623,798,8274,1349,461,888,0,771.754,77.1754,0.6062,849.5356,12.06,12.04,120,689,7191,0,43
MEDIUM_AGGREGATION,AGGREGATION,MEDIUM,0.35,10000,20261002,D,9623,798,7417,2206,462,888,856,736.014,73.6014,0.5633,810.1787,16.13,16.12,116,689,6379,0,36
MEDIUM_AGGREGATION,AGGREGATION,MEDIUM,0.35,10000,20261002,E,9623,798,7417,2206,462,888,856,724.998,72.4998,0.5633,798.0611,17.39,17.37,148,689,6347,0,47
MEDIUM_AGGREGATION,AGGREGATION,MEDIUM,0.35,10000,20261002,F,9623,798,7417,2206,462,888,856,724.998,0,0.5633,725.5613,17.39,24.88,148,689,6347,0,49
MEDIUM_AGGREGATION,AGGREGATION,MEDIUM,0.35,10000,20268921,A,9634,795,9634,0,0,0,0,897.933,89.7933,0.4817,988.208,0,0,126,690,8489,0,34
MEDIUM_AGGREGATION,AGGREGATION,MEDIUM,0.35,10000,20268921,B,9634,795,9142,492,492,0,0,823.539,82.3539,0.6498,906.5427,8.29,8.26,120,660,8043,0,37
MEDIUM_AGGREGATION,AGGREGATION,MEDIUM,0.35,10000,20268921,C,9634,795,8281,1353,474,879,0,788.265,78.8265,0.6067,867.6982,12.21,12.19,119,660,7214,0,44
MEDIUM_AGGREGATION,AGGREGATION,MEDIUM,0.35,10000,20268921,D,9634,795,7430,2204,475,879,850,753.717,75.3717,0.5642,829.6529,16.06,16.04,117,660,6398,0,48
MEDIUM_AGGREGATION,AGGREGATION,MEDIUM,0.35,10000,20268921,E,9634,795,7430,2204,475,879,850,741.435,74.1435,0.5642,816.1427,17.43,17.41,154,660,6361,0,50
MEDIUM_AGGREGATION,AGGREGATION,MEDIUM,0.35,10000,20268921,F,9634,795,7430,2204,475,879,850,741.435,0,0.5642,741.9992,17.43,24.91,154,660,6361,0,49
MEDIUM_AGGREGATION,AGGREGATION,MEDIUM,0.35,10000,20276840,A,9645,786,9645,0,0,0,0,886.864,88.6864,0.4822,976.0326,0,0,129,661,8526,0,36
MEDIUM_AGGREGATION,AGGREGATION,MEDIUM,0.35,10000,20276840,B,9645,786,9189,456,456,0,0,821.272,82.1272,0.6524,904.0516,7.4,7.37,122,639,8103,0,35
MEDIUM_AGGREGATION,AGGREGATION,MEDIUM,0.35,10000,20276840,C,9645,786,8356,1289,424,865,0,786.77,78.677,0.6107,866.0577,11.29,11.27,122,639,7301,0,37
MEDIUM_AGGREGATION,AGGREGATION,MEDIUM,0.35,10000,20276840,D,9645,786,7522,2123,426,865,832,751.81,75.181,0.569,827.56,15.23,15.21,122,639,6493,0,38
MEDIUM_AGGREGATION,AGGREGATION,MEDIUM,0.35,10000,20276840,E,9645,786,7522,2123,426,865,832,736.297,73.6297,0.569,810.4957,16.98,16.96,170,639,6445,0,54
MEDIUM_AGGREGATION,AGGREGATION,MEDIUM,0.35,10000,20276840,F,9645,786,7522,2123,426,865,832,736.297,0,0.569,736.866,16.98,24.5,170,639,6445,0,47
HIGH_AGGREGATION,AGGREGATION,HIGH,0.7,10000,20261002,A,9622,791,9622,0,0,0,0,879.769,87.9769,0.4811,968.227,0,0,114,687,8492,0,34
HIGH_AGGREGATION,AGGREGATION,HIGH,0.7,10000,20261002,B,9622,791,9163,459,459,0,0,812.491,81.2491,0.6506,894.3907,7.65,7.63,107,657,8079,0,40
HIGH_AGGREGATION,AGGREGATION,HIGH,0.7,10000,20261002,C,9622,791,7501,2121,403,1718,0,743.247,74.3247,0.5675,818.1392,15.52,15.5,107,657,6481,0,36
HIGH_AGGREGATION,AGGREGATION,HIGH,0.7,10000,20261002,D,9622,791,5824,3798,406,1718,1674,673.343,67.3343,0.4836,741.1609,23.46,23.45,107,657,4867,0,37
HIGH_AGGREGATION,AGGREGATION,HIGH,0.7,10000,20261002,E,9622,791,5824,3798,406,1718,1674,659.768,65.9768,0.4836,726.2284,25.01,24.99,148,657,4826,0,44
HIGH_AGGREGATION,AGGREGATION,HIGH,0.7,10000,20261002,F,9622,791,5824,3798,406,1718,1674,659.768,0,0.4836,660.2516,25.01,31.81,148,657,4826,0,44
HIGH_AGGREGATION,AGGREGATION,HIGH,0.7,10000,20268921,A,9612,814,9612,0,0,0,0,887.034,88.7034,0.4806,976.218,0,0,128,707,8448,0,35
HIGH_AGGREGATION,AGGREGATION,HIGH,0.7,10000,20268921,B,9612,814,9126,486,486,0,0,815.765,81.5765,0.6485,897.99,8.03,8.01,120,681,8004,0,38
HIGH_AGGREGATION,AGGREGATION,HIGH,0.7,10000,20268921,C,9612,814,7413,2199,417,1782,0,745.517,74.5517,0.5629,820.6316,15.95,15.94,119,681,6363,0,33
HIGH_AGGREGATION,AGGREGATION,HIGH,0.7,10000,20268921,D,9612,814,5683,3929,417,1782,1730,674.853,67.4853,0.4764,742.8147,23.92,23.91,118,681,4707,0,35
HIGH_AGGREGATION,AGGREGATION,HIGH,0.7,10000,20268921,E,9612,814,5683,3929,417,1782,1730,662.421,66.2421,0.4764,729.1395,25.32,25.31,155,681,4670,0,39
HIGH_AGGREGATION,AGGREGATION,HIGH,0.7,10000,20268921,F,9612,814,5683,3929,417,1782,1730,662.421,0,0.4764,662.8974,25.32,32.1,155,681,4670,0,50
HIGH_AGGREGATION,AGGREGATION,HIGH,0.7,10000,20276840,A,9630,734,9630,0,0,0,0,901.673,90.1673,0.4815,992.3218,0,0,122,613,8566,0,33
HIGH_AGGREGATION,AGGREGATION,HIGH,0.7,10000,20276840,B,9630,734,9182,448,448,0,0,835.935,83.5935,0.6517,920.1802,7.29,7.27,119,591,8151,0,30
HIGH_AGGREGATION,AGGREGATION,HIGH,0.7,10000,20276840,C,9630,734,7458,2172,395,1777,0,760.195,76.0195,0.5655,836.78,15.69,15.67,116,591,6497,0,38
HIGH_AGGREGATION,AGGREGATION,HIGH,0.7,10000,20276840,D,9630,734,5725,3905,398,1777,1730,684.033,68.4033,0.4788,752.9152,24.14,24.13,112,591,4834,0,44
HIGH_AGGREGATION,AGGREGATION,HIGH,0.7,10000,20276840,E,9630,734,5725,3905,398,1777,1730,668.655,66.8655,0.4788,735.9994,25.84,25.83,159,591,4787,0,58
HIGH_AGGREGATION,AGGREGATION,HIGH,0.7,10000,20276840,F,9630,734,5725,3905,398,1777,1730,668.655,0,0.4788,669.1338,25.84,32.57,159,591,4787,0,54
LOW_FEP,FEP,LOW,0.05,10000,20261002,A,9604,831,9604,0,0,0,0,880.295,88.0295,0.4802,968.8047,0,0,20,821,8434,0,29
LOW_FEP,FEP,LOW,0.05,10000,20261002,B,9604,831,9128,476,476,0,0,808.691,80.8691,0.6485,890.2086,8.13,8.11,20,789,8000,0,27
LOW_FEP,FEP,LOW,0.05,10000,20261002,C,9604,831,8237,1367,451,916,0,771.221,77.1221,0.6039,848.947,12.39,12.37,20,789,7153,0,34
LOW_FEP,FEP,LOW,0.05,10000,20261002,D,9604,831,7359,2245,451,916,878,734.229,73.4229,0.56,808.2119,16.59,16.58,20,789,6316,0,44
LOW_FEP,FEP,LOW,0.05,10000,20261002,E,9604,831,7359,2245,451,916,878,732.549,73.2549,0.56,806.3639,16.78,16.77,25,789,6311,0,52
LOW_FEP,FEP,LOW,0.05,10000,20261002,F,9604,831,7359,2245,451,916,878,732.549,0,0.56,733.109,16.78,24.33,25,789,6311,0,57
LOW_FEP,FEP,LOW,0.05,10000,20268921,A,9642,793,9642,0,0,0,0,906.027,90.6027,0.4821,997.1118,0,0,16,778,8519,0,36
LOW_FEP,FEP,LOW,0.05,10000,20268921,B,9642,793,9142,500,500,0,0,828.425,82.8425,0.6499,911.9174,8.57,8.54,16,746,8055,0,34
LOW_FEP,FEP,LOW,0.05,10000,20268921,C,9642,793,8296,1346,479,867,0,794.349,79.4349,0.6076,874.3915,12.33,12.31,16,746,7245,0,34
LOW_FEP,FEP,LOW,0.05,10000,20268921,D,9642,793,7454,2188,479,867,842,760.257,76.0257,0.5655,836.8482,16.09,16.07,16,746,6436,0,38
LOW_FEP,FEP,LOW,0.05,10000,20268921,E,9642,793,7454,2188,479,867,842,757.233,75.7233,0.5655,833.5218,16.42,16.41,25,746,6427,0,54
LOW_FEP,FEP,LOW,0.05,10000,20268921,F,9642,793,7454,2188,479,867,842,757.233,0,0.5655,757.7985,16.42,24,25,746,6427,0,48
LOW_FEP,FEP,LOW,0.05,10000,20276840,A,9643,744,9643,0,0,0,0,894.275,89.4275,0.4822,984.1846,0,0,29,713,8572,0,30
LOW_FEP,FEP,LOW,0.05,10000,20276840,B,9643,744,9187,456,456,0,0,827.763,82.7763,0.6522,911.1915,7.44,7.42,28,687,8150,0,32
LOW_FEP,FEP,LOW,0.05,10000,20276840,C,9643,744,8317,1326,418,908,0,791.061,79.1061,0.6087,870.7758,11.54,11.52,28,687,7311,0,35
LOW_FEP,FEP,LOW,0.05,10000,20276840,D,9643,744,7443,2200,418,908,874,754.081,75.4081,0.565,830.0541,15.68,15.66,28,687,6470,0,35
LOW_FEP,FEP,LOW,0.05,10000,20276840,E,9643,744,7443,2200,418,908,874,751.057,75.1057,0.565,826.7277,16.01,16,37,687,6461,0,45
LOW_FEP,FEP,LOW,0.05,10000,20276840,F,9643,744,7443,2200,418,908,874,751.057,0,0.565,751.622,16.01,23.63,37,687,6461,0,47
MEDIUM_FEP,FEP,MEDIUM,0.25,10000,20261002,A,9623,798,9623,0,0,0,0,877.614,87.7614,0.4812,965.8566,0,0,129,723,8442,0,36
MEDIUM_FEP,FEP,MEDIUM,0.25,10000,20261002,B,9623,798,9137,486,486,0,0,807.132,80.7132,0.6493,888.4945,8.03,8.01,124,689,8002,0,36
MEDIUM_FEP,FEP,MEDIUM,0.25,10000,20261002,C,9623,798,8274,1349,461,888,0,771.754,77.1754,0.6062,849.5356,12.06,12.04,120,689,7191,0,36
MEDIUM_FEP,FEP,MEDIUM,0.25,10000,20261002,D,9623,798,7417,2206,462,888,856,736.014,73.6014,0.5633,810.1787,16.13,16.12,116,689,6379,0,42
MEDIUM_FEP,FEP,MEDIUM,0.25,10000,20261002,E,9623,798,7417,2206,462,888,856,724.998,72.4998,0.5633,798.0611,17.39,17.37,148,689,6347,0,61
MEDIUM_FEP,FEP,MEDIUM,0.25,10000,20261002,F,9623,798,7417,2206,462,888,856,724.998,0,0.5633,725.5613,17.39,24.88,148,689,6347,0,63
MEDIUM_FEP,FEP,MEDIUM,0.25,10000,20268921,A,9634,795,9634,0,0,0,0,897.933,89.7933,0.4817,988.208,0,0,126,690,8489,0,43
MEDIUM_FEP,FEP,MEDIUM,0.25,10000,20268921,B,9634,795,9142,492,492,0,0,823.539,82.3539,0.6498,906.5427,8.29,8.26,120,660,8043,0,40
MEDIUM_FEP,FEP,MEDIUM,0.25,10000,20268921,C,9634,795,8281,1353,474,879,0,788.265,78.8265,0.6067,867.6982,12.21,12.19,119,660,7214,0,52
MEDIUM_FEP,FEP,MEDIUM,0.25,10000,20268921,D,9634,795,7430,2204,475,879,850,753.717,75.3717,0.5642,829.6529,16.06,16.04,117,660,6398,0,56
MEDIUM_FEP,FEP,MEDIUM,0.25,10000,20268921,E,9634,795,7430,2204,475,879,850,741.435,74.1435,0.5642,816.1427,17.43,17.41,154,660,6361,0,67
MEDIUM_FEP,FEP,MEDIUM,0.25,10000,20268921,F,9634,795,7430,2204,475,879,850,741.435,0,0.5642,741.9992,17.43,24.91,154,660,6361,0,50
MEDIUM_FEP,FEP,MEDIUM,0.25,10000,20276840,A,9645,786,9645,0,0,0,0,886.864,88.6864,0.4822,976.0326,0,0,129,661,8526,0,33
MEDIUM_FEP,FEP,MEDIUM,0.25,10000,20276840,B,9645,786,9189,456,456,0,0,821.272,82.1272,0.6524,904.0516,7.4,7.37,122,639,8103,0,33
MEDIUM_FEP,FEP,MEDIUM,0.25,10000,20276840,C,9645,786,8356,1289,424,865,0,786.77,78.677,0.6107,866.0577,11.29,11.27,122,639,7301,0,33
MEDIUM_FEP,FEP,MEDIUM,0.25,10000,20276840,D,9645,786,7522,2123,426,865,832,751.81,75.181,0.569,827.56,15.23,15.21,122,639,6493,0,40
MEDIUM_FEP,FEP,MEDIUM,0.25,10000,20276840,E,9645,786,7522,2123,426,865,832,736.297,73.6297,0.569,810.4957,16.98,16.96,170,639,6445,0,49
MEDIUM_FEP,FEP,MEDIUM,0.25,10000,20276840,F,9645,786,7522,2123,426,865,832,736.297,0,0.569,736.866,16.98,24.5,170,639,6445,0,51
HIGH_FEP,FEP,HIGH,0.6,10000,20261002,A,9623,777,9623,0,0,0,0,878.091,87.8091,0.4812,966.3812,0,0,250,573,8471,0,34
HIGH_FEP,FEP,HIGH,0.6,10000,20261002,B,9623,777,9156,467,467,0,0,807.092,80.7092,0.6503,888.4515,8.09,8.06,245,553,8036,0,38
HIGH_FEP,FEP,HIGH,0.6,10000,20261002,C,9623,777,8289,1334,443,891,0,771.852,77.1852,0.6069,849.6441,12.1,12.08,237,553,7213,0,40
HIGH_FEP,FEP,HIGH,0.6,10000,20261002,D,9623,777,7429,2194,443,891,860,736.668,73.6668,0.5639,810.8987,16.11,16.09,229,553,6390,0,39
HIGH_FEP,FEP,HIGH,0.6,10000,20261002,E,9623,777,7429,2194,443,891,860,709.944,70.9944,0.5639,781.5023,19.15,19.13,307,553,6312,0,48
HIGH_FEP,FEP,HIGH,0.6,10000,20261002,F,9623,777,7429,2194,443,891,860,709.944,0,0.5639,710.5079,19.15,26.48,307,553,6312,0,49
HIGH_FEP,FEP,HIGH,0.6,10000,20268921,A,9611,764,9611,0,0,0,0,903.083,90.3083,0.4806,993.8718,0,0,246,535,8501,0,37
HIGH_FEP,FEP,HIGH,0.6,10000,20268921,B,9611,764,9144,467,467,0,0,829.086,82.9086,0.6494,912.644,8.19,8.17,235,519,8064,0,33
HIGH_FEP,FEP,HIGH,0.6,10000,20268921,C,9611,764,8287,1324,456,868,0,793.42,79.342,0.6066,873.3686,12.14,12.12,235,519,7257,0,36
HIGH_FEP,FEP,HIGH,0.6,10000,20268921,D,9611,764,7444,2167,457,868,842,758.534,75.8534,0.5644,834.9518,16.01,15.99,235,519,6461,0,40
HIGH_FEP,FEP,HIGH,0.6,10000,20268921,E,9611,764,7444,2167,457,868,842,729.751,72.9751,0.5644,803.2905,19.19,19.18,323,519,6373,0,53
HIGH_FEP,FEP,HIGH,0.6,10000,20268921,F,9611,764,7444,2167,457,868,842,729.751,0,0.5644,730.3154,19.19,26.52,323,519,6373,0,49
HIGH_FEP,FEP,HIGH,0.6,10000,20276840,A,9630,806,9630,0,0,0,0,885.608,88.5608,0.4815,974.6503,0,0,285,534,8482,0,35
HIGH_FEP,FEP,HIGH,0.6,10000,20276840,B,9630,806,9169,461,461,0,0,819.664,81.9664,0.651,902.2814,7.45,7.43,277,519,8052,0,39
HIGH_FEP,FEP,HIGH,0.6,10000,20276840,C,9630,806,8325,1305,430,875,0,784.766,78.4766,0.6088,863.8514,11.39,11.37,275,519,7252,0,42
HIGH_FEP,FEP,HIGH,0.6,10000,20276840,D,9630,806,7485,2145,430,875,840,750.55,75.055,0.5668,826.1718,15.25,15.23,273,519,6461,0,37
HIGH_FEP,FEP,HIGH,0.6,10000,20276840,E,9630,806,7485,2145,430,875,840,715.549,71.5549,0.5668,787.6708,19.2,19.18,379,519,6355,0,54
HIGH_FEP,FEP,HIGH,0.6,10000,20276840,F,9630,806,7485,2145,430,875,840,715.549,0,0.5668,716.1158,19.2,26.53,379,519,6355,0,48
LOW_DUPLICATION,DUPLICATION,LOW,0.02,50000,20261002,A,49503,4243,49503,0,0,0,0,4599.038,459.9038,2.4752,5061.417,0,0,700,2000,45298,0,42
LOW_DUPLICATION,DUPLICATION,LOW,0.02,50000,20261002,B,49503,4243,48476,1027,1027,0,0,4367.575,436.7575,3.4139,4807.7464,5.03,5.01,696,2000,44307,0,40
LOW_DUPLICATION,DUPLICATION,LOW,0.02,50000,20261002,C,49503,4243,43852,5651,989,4662,0,4174.641,417.4641,3.1827,4595.2878,9.23,9.21,686,2000,39821,0,43
LOW_DUPLICATION,DUPLICATION,LOW,0.02,50000,20261002,D,49503,4243,39330,10173,989,4662,4522,3977.951,397.7951,2.9566,4378.7027,13.5,13.49,676,2000,35426,0,42
LOW_DUPLICATION,DUPLICATION,LOW,0.02,50000,20261002,E,49503,4243,39330,10173,989,4662,4522,3899.558,389.9558,2.9566,4292.4704,15.21,15.19,920,2000,35182,0,54
LOW_DUPLICATION,DUPLICATION,LOW,0.02,50000,20261002,F,49503,4243,39330,10173,989,4662,4522,3899.558,0,2.9566,3902.5146,15.21,22.9,920,2000,35182,0,58
LOW_DUPLICATION,DUPLICATION,LOW,0.02,50000,20268921,A,49502,4342,49502,0,0,0,0,4645.035,464.5035,2.4751,5112.0136,0,0,653,2000,45344,0,41
LOW_DUPLICATION,DUPLICATION,LOW,0.02,50000,20268921,B,49502,4342,48437,1065,1065,0,0,4412.408,441.2408,3.4119,4857.0607,5.01,4.99,647,2000,44311,0,44
LOW_DUPLICATION,DUPLICATION,LOW,0.02,50000,20268921,C,49502,4342,43743,5759,1029,4730,0,4220.28,422.028,3.1772,4645.4852,9.14,9.13,639,2000,39778,0,48
LOW_DUPLICATION,DUPLICATION,LOW,0.02,50000,20268921,D,49502,4342,39165,10337,1031,4730,4576,4025.21,402.521,2.9483,4430.6793,13.34,13.33,631,2000,35356,0,41
LOW_DUPLICATION,DUPLICATION,LOW,0.02,50000,20268921,E,49502,4342,39165,10337,1031,4730,4576,3954.101,395.4101,2.9483,4352.4594,14.87,14.86,841,2000,35146,0,54
LOW_DUPLICATION,DUPLICATION,LOW,0.02,50000,20268921,F,49502,4342,39165,10337,1031,4730,4576,3954.101,0,2.9483,3957.0493,14.87,22.59,841,2000,35146,0,55
LOW_DUPLICATION,DUPLICATION,LOW,0.02,50000,20276840,A,49529,4351,49529,0,0,0,0,4578.988,457.8988,2.4764,5039.3632,0,0,661,2000,45363,0,42
LOW_DUPLICATION,DUPLICATION,LOW,0.02,50000,20276840,B,49529,4351,48451,1078,1078,0,0,4334.784,433.4784,3.4131,4771.6755,5.33,5.31,654,2000,44318,0,40
LOW_DUPLICATION,DUPLICATION,LOW,0.02,50000,20276840,C,49529,4351,43646,5883,1035,4848,0,4146.532,414.6532,3.1729,4564.3581,9.44,9.43,645,2000,39678,0,46
LOW_DUPLICATION,DUPLICATION,LOW,0.02,50000,20276840,D,49529,4351,38939,10590,1038,4848,4704,3955.158,395.5158,2.9375,4353.6113,13.62,13.61,637,2000,35135,0,44
LOW_DUPLICATION,DUPLICATION,LOW,0.02,50000,20276840,E,49529,4351,38939,10590,1038,4848,4704,3881.835,388.1835,2.9375,4272.956,15.23,15.21,856,2000,34916,0,51
LOW_DUPLICATION,DUPLICATION,LOW,0.02,50000,20276840,F,49529,4351,38939,10590,1038,4848,4704,3881.835,0,2.9375,3884.7725,15.23,22.91,856,2000,34916,0,55
MEDIUM_DUPLICATION,DUPLICATION,MEDIUM,0.08,50000,20261002,A,48106,4043,48106,0,0,0,0,4455.612,445.5612,2.4053,4903.5785,0,0,668,2000,43948,0,41
MEDIUM_DUPLICATION,DUPLICATION,MEDIUM,0.08,50000,20261002,B,48106,4043,45766,2340,2340,0,0,4105.194,410.5194,3.2504,4518.9638,7.86,7.84,634,2000,41698,0,40
MEDIUM_DUPLICATION,DUPLICATION,MEDIUM,0.08,50000,20261002,C,48106,4043,41321,6785,2219,4566,0,3926.092,392.6092,3.0282,4321.7294,11.88,11.87,626,2000,37401,0,48
MEDIUM_DUPLICATION,DUPLICATION,MEDIUM,0.08,50000,20261002,D,48106,4043,36944,11162,2222,4566,4374,3744.252,374.4252,2.8093,4121.4865,15.97,15.95,618,2000,33154,0,48
MEDIUM_DUPLICATION,DUPLICATION,MEDIUM,0.08,50000,20261002,E,48106,4043,36944,11162,2222,4566,4374,3676.411,367.6411,2.8093,4046.8614,17.49,17.47,822,2000,32950,0,55
MEDIUM_DUPLICATION,DUPLICATION,MEDIUM,0.08,50000,20261002,F,48106,4043,36944,11162,2222,4566,4374,3676.411,0,2.8093,3679.2203,17.49,24.97,822,2000,32950,0,58
MEDIUM_DUPLICATION,DUPLICATION,MEDIUM,0.08,50000,20268921,A,48106,4233,48106,0,0,0,0,4499.319,449.9319,2.4053,4951.6562,0,0,673,2000,43943,0,43
MEDIUM_DUPLICATION,DUPLICATION,MEDIUM,0.08,50000,20268921,B,48106,4233,45839,2267,2267,0,0,4164.095,416.4095,3.2541,4583.7586,7.45,7.43,652,2000,41762,0,47
MEDIUM_DUPLICATION,DUPLICATION,MEDIUM,0.08,50000,20268921,C,48106,4233,41465,6641,2125,4516,0,3985.259,398.5259,3.0354,4386.8203,11.43,11.41,638,2000,37526,0,45
MEDIUM_DUPLICATION,DUPLICATION,MEDIUM,0.08,50000,20268921,D,48106,4233,37126,10980,2128,4516,4336,3804.379,380.4379,2.8184,4187.6353,15.45,15.43,624,2000,33340,0,38
MEDIUM_DUPLICATION,DUPLICATION,MEDIUM,0.08,50000,20268921,E,48106,4233,37126,10980,2128,4516,4336,3733.468,373.3468,2.8184,4109.6332,17.02,17,837,2000,33127,0,57
MEDIUM_DUPLICATION,DUPLICATION,MEDIUM,0.08,50000,20268921,F,48106,4233,37126,10980,2128,4516,4336,3733.468,0,2.8184,3736.2864,17.02,24.54,837,2000,33127,0,57
MEDIUM_DUPLICATION,DUPLICATION,MEDIUM,0.08,50000,20276840,A,48129,4090,48129,0,0,0,0,4435.578,443.5578,2.4064,4881.5422,0,0,579,2000,44060,0,41
MEDIUM_DUPLICATION,DUPLICATION,MEDIUM,0.08,50000,20276840,B,48129,4090,45734,2395,2395,0,0,4086.179,408.6179,3.2493,4498.0462,7.88,7.86,558,2000,41744,0,39
MEDIUM_DUPLICATION,DUPLICATION,MEDIUM,0.08,50000,20276840,C,48129,4090,41296,6833,2252,4581,0,3909.017,390.9017,3.0274,4302.9461,11.87,11.85,557,2000,37466,0,41
MEDIUM_DUPLICATION,DUPLICATION,MEDIUM,0.08,50000,20276840,D,48129,4090,36895,11234,2253,4581,4400,3727.545,372.7545,2.8073,4103.1068,15.96,15.95,557,2000,33199,0,48
MEDIUM_DUPLICATION,DUPLICATION,MEDIUM,0.08,50000,20276840,E,48129,4090,36895,11234,2253,4581,4400,3665.136,366.5136,2.8073,4034.4569,17.37,17.35,749,2000,33007,0,67
MEDIUM_DUPLICATION,DUPLICATION,MEDIUM,0.08,50000,20276840,F,48129,4090,36895,11234,2253,4581,4400,3665.136,0,2.8073,3667.9433,17.37,24.86,749,2000,33007,0,63
HIGH_DUPLICATION,DUPLICATION,HIGH,0.2,50000,20261002,A,45789,3446,45789,0,0,0,0,4233.038,423.3038,2.2894,4658.6312,0,0,481,2000,41866,0,39
HIGH_DUPLICATION,DUPLICATION,HIGH,0.2,50000,20261002,B,45789,3446,41419,4370,4370,0,0,3712.439,371.2439,2.9867,4086.6696,12.3,12.28,444,2000,37621,0,38
HIGH_DUPLICATION,DUPLICATION,HIGH,0.2,50000,20261002,C,45789,3446,37523,8266,4064,4202,0,3557.253,355.7253,2.7919,3915.7702,15.96,15.95,438,2000,33879,0,40
HIGH_DUPLICATION,DUPLICATION,HIGH,0.2,50000,20261002,D,45789,3446,33574,12215,4071,4202,3942,3399.249,339.9249,2.5945,3741.7684,19.7,19.68,432,2000,30076,0,41
HIGH_DUPLICATION,DUPLICATION,HIGH,0.2,50000,20261002,E,45789,3446,33574,12215,4071,4202,3942,3347.118,334.7118,2.5945,3684.4243,20.93,20.91,589,2000,29919,0,53
HIGH_DUPLICATION,DUPLICATION,HIGH,0.2,50000,20261002,F,45789,3446,33574,12215,4071,4202,3942,3347.118,0,2.5945,3349.7125,20.93,28.1,589,2000,29919,0,50
HIGH_DUPLICATION,DUPLICATION,HIGH,0.2,50000,20268921,A,45845,3549,45845,0,0,0,0,4247.802,424.7802,2.2922,4674.8744,0,0,593,2000,41810,0,45
HIGH_DUPLICATION,DUPLICATION,HIGH,0.2,50000,20268921,B,45845,3549,41449,4396,4396,0,0,3725.592,372.5592,2.9894,4101.1406,12.29,12.27,534,2000,37561,0,37
HIGH_DUPLICATION,DUPLICATION,HIGH,0.2,50000,20268921,C,45845,3549,37526,8319,4093,4226,0,3563.566,356.3566,2.7932,3922.7158,16.11,16.09,527,2000,33783,0,42
HIGH_DUPLICATION,DUPLICATION,HIGH,0.2,50000,20268921,D,45845,3549,33552,12293,4098,4226,3969,3398.81,339.881,2.5945,3741.2855,19.99,19.97,521,2000,29947,0,41
HIGH_DUPLICATION,DUPLICATION,HIGH,0.2,50000,20268921,E,45845,3549,33552,12293,4098,4226,3969,3341.255,334.1255,2.5945,3677.975,21.34,21.32,689,2000,29779,0,60
HIGH_DUPLICATION,DUPLICATION,HIGH,0.2,50000,20268921,F,45845,3549,33552,12293,4098,4226,3969,3341.255,0,2.5945,3343.8495,21.34,28.47,689,2000,29779,0,59
HIGH_DUPLICATION,DUPLICATION,HIGH,0.2,50000,20276840,A,45738,3630,45738,0,0,0,0,4235.864,423.5864,2.2869,4661.7373,0,0,669,2000,41634,0,38
HIGH_DUPLICATION,DUPLICATION,HIGH,0.2,50000,20276840,B,45738,3630,41223,4515,4515,0,0,3708.965,370.8965,2.9759,4082.8374,12.44,12.42,609,2000,37258,0,37
HIGH_DUPLICATION,DUPLICATION,HIGH,0.2,50000,20276840,C,45738,3630,37436,8302,4225,4077,0,3557.929,355.7929,2.7866,3916.5085,16,15.99,605,2000,33618,0,38
HIGH_DUPLICATION,DUPLICATION,HIGH,0.2,50000,20276840,D,45738,3630,33598,12140,4232,4077,3831,3404.361,340.4361,2.5947,3747.3918,19.63,19.61,599,2000,29925,0,40
HIGH_DUPLICATION,DUPLICATION,HIGH,0.2,50000,20276840,E,45738,3630,33598,12140,4232,4077,3831,3340.422,334.0422,2.5947,3677.0589,21.14,21.12,794,2000,29730,0,53
HIGH_DUPLICATION,DUPLICATION,HIGH,0.2,50000,20276840,F,45738,3630,33598,12140,4232,4077,3831,3340.422,0,2.5947,3343.0167,21.14,28.29,794,2000,29730,0,51
LOW_AGGREGATION,AGGREGATION,LOW,0.1,50000,20261002,A,48057,4052,48057,0,0,0,0,4480.694,448.0694,2.4028,4931.1662,0,0,634,2000,43933,0,47
LOW_AGGREGATION,AGGREGATION,LOW,0.1,50000,20261002,B,48057,4052,45754,2303,2303,0,0,4127.093,412.7093,3.2488,4543.0511,7.89,7.87,607,2000,41699,0,43
LOW_AGGREGATION,AGGREGATION,LOW,0.1,50000,20261002,C,48057,4052,44441,3616,2270,1346,0,4076.259,407.6259,3.1832,4487.0681,9.03,9.01,605,2000,40432,0,48
LOW_AGGREGATION,AGGREGATION,LOW,0.1,50000,20261002,D,48057,4052,43236,4821,2271,1346,1204,4029.787,402.9787,3.1229,4435.8886,10.06,10.04,603,2000,39265,0,42
LOW_AGGREGATION,AGGREGATION,LOW,0.1,50000,20261002,E,48057,4052,43236,4821,2271,1346,1204,3963.361,396.3361,3.1229,4362.82,11.55,11.53,802,2000,39066,0,55
LOW_AGGREGATION,AGGREGATION,LOW,0.1,50000,20261002,F,48057,4052,43236,4821,2271,1346,1204,3963.361,0,3.1229,3966.4839,11.55,19.56,802,2000,39066,0,60
LOW_AGGREGATION,AGGREGATION,LOW,0.1,50000,20268921,A,48138,4116,48138,0,0,0,0,4508.836,450.8836,2.4069,4962.1265,0,0,625,2000,44023,0,42
LOW_AGGREGATION,AGGREGATION,LOW,0.1,50000,20268921,B,48138,4116,45866,2272,2272,0,0,4175.708,417.5708,3.2561,4596.5349,7.39,7.37,600,2000,41837,0,42
LOW_AGGREGATION,AGGREGATION,LOW,0.1,50000,20268921,C,48138,4116,44543,3595,2238,1357,0,4125.19,412.519,3.1899,4540.8989,8.51,8.49,598,2000,40559,0,47
LOW_AGGREGATION,AGGREGATION,LOW,0.1,50000,20268921,D,48138,4116,43315,4823,2240,1357,1226,4078.226,407.8226,3.1285,4489.1771,9.55,9.53,596,2000,39370,0,41
LOW_AGGREGATION,AGGREGATION,LOW,0.1,50000,20268921,E,48138,4116,43315,4823,2240,1357,1226,4006.64,400.664,3.1285,4410.4325,11.14,11.12,810,2000,39156,0,54
LOW_AGGREGATION,AGGREGATION,LOW,0.1,50000,20268921,F,48138,4116,43315,4823,2240,1357,1226,4006.64,0,3.1285,4009.7685,11.14,19.19,810,2000,39156,0,55
LOW_AGGREGATION,AGGREGATION,LOW,0.1,50000,20276840,A,48139,4006,48139,0,0,0,0,4453.44,445.344,2.407,4901.191,0,0,572,2000,44077,0,43
LOW_AGGREGATION,AGGREGATION,LOW,0.1,50000,20276840,B,48139,4006,45765,2374,2374,0,0,4100.505,410.0505,3.251,4513.8065,7.92,7.9,549,2000,41766,0,37
LOW_AGGREGATION,AGGREGATION,LOW,0.1,50000,20276840,C,48139,4006,44377,3762,2329,1433,0,4043.695,404.3695,3.1816,4451.2461,9.2,9.18,545,2000,40437,0,45
LOW_AGGREGATION,AGGREGATION,LOW,0.1,50000,20276840,D,48139,4006,43099,5040,2329,1433,1278,3990.855,399.0855,3.1177,4393.0582,10.39,10.37,541,2000,39194,0,43
LOW_AGGREGATION,AGGREGATION,LOW,0.1,50000,20276840,E,48139,4006,43099,5040,2329,1433,1278,3929.334,392.9334,3.1177,4325.3851,11.77,11.75,724,2000,39011,0,55
LOW_AGGREGATION,AGGREGATION,LOW,0.1,50000,20276840,F,48139,4006,43099,5040,2329,1433,1278,3929.334,0,3.1177,3932.4517,11.77,19.77,724,2000,39011,0,56
MEDIUM_AGGREGATION,AGGREGATION,MEDIUM,0.35,50000,20261002,A,48106,4043,48106,0,0,0,0,4455.612,445.5612,2.4053,4903.5785,0,0,668,2000,43948,0,37
MEDIUM_AGGREGATION,AGGREGATION,MEDIUM,0.35,50000,20261002,B,48106,4043,45766,2340,2340,0,0,4105.194,410.5194,3.2504,4518.9638,7.86,7.84,634,2000,41698,0,37
MEDIUM_AGGREGATION,AGGREGATION,MEDIUM,0.35,50000,20261002,C,48106,4043,41321,6785,2219,4566,0,3926.092,392.6092,3.0282,4321.7294,11.88,11.87,626,2000,37401,0,44
MEDIUM_AGGREGATION,AGGREGATION,MEDIUM,0.35,50000,20261002,D,48106,4043,36944,11162,2222,4566,4374,3744.252,374.4252,2.8093,4121.4865,15.97,15.95,618,2000,33154,0,47
MEDIUM_AGGREGATION,AGGREGATION,MEDIUM,0.35,50000,20261002,E,48106,4043,36944,11162,2222,4566,4374,3676.411,367.6411,2.8093,4046.8614,17.49,17.47,822,2000,32950,0,59
MEDIUM_AGGREGATION,AGGREGATION,MEDIUM,0.35,50000,20261002,F,48106,4043,36944,11162,2222,4566,4374,3676.411,0,2.8093,3679.2203,17.49,24.97,822,2000,32950,0,57
MEDIUM_AGGREGATION,AGGREGATION,MEDIUM,0.35,50000,20268921,A,48106,4233,48106,0,0,0,0,4499.319,449.9319,2.4053,4951.6562,0,0,673,2000,43943,0,45
MEDIUM_AGGREGATION,AGGREGATION,MEDIUM,0.35,50000,20268921,B,48106,4233,45839,2267,2267,0,0,4164.095,416.4095,3.2541,4583.7586,7.45,7.43,652,2000,41762,0,41
MEDIUM_AGGREGATION,AGGREGATION,MEDIUM,0.35,50000,20268921,C,48106,4233,41465,6641,2125,4516,0,3985.259,398.5259,3.0354,4386.8203,11.43,11.41,638,2000,37526,0,45
MEDIUM_AGGREGATION,AGGREGATION,MEDIUM,0.35,50000,20268921,D,48106,4233,37126,10980,2128,4516,4336,3804.379,380.4379,2.8184,4187.6353,15.45,15.43,624,2000,33340,0,46
MEDIUM_AGGREGATION,AGGREGATION,MEDIUM,0.35,50000,20268921,E,48106,4233,37126,10980,2128,4516,4336,3733.468,373.3468,2.8184,4109.6332,17.02,17,837,2000,33127,0,58
MEDIUM_AGGREGATION,AGGREGATION,MEDIUM,0.35,50000,20268921,F,48106,4233,37126,10980,2128,4516,4336,3733.468,0,2.8184,3736.2864,17.02,24.54,837,2000,33127,0,52
MEDIUM_AGGREGATION,AGGREGATION,MEDIUM,0.35,50000,20276840,A,48129,4090,48129,0,0,0,0,4435.578,443.5578,2.4064,4881.5422,0,0,579,2000,44060,0,41
MEDIUM_AGGREGATION,AGGREGATION,MEDIUM,0.35,50000,20276840,B,48129,4090,45734,2395,2395,0,0,4086.179,408.6179,3.2493,4498.0462,7.88,7.86,558,2000,41744,0,41
MEDIUM_AGGREGATION,AGGREGATION,MEDIUM,0.35,50000,20276840,C,48129,4090,41296,6833,2252,4581,0,3909.017,390.9017,3.0274,4302.9461,11.87,11.85,557,2000,37466,0,42
MEDIUM_AGGREGATION,AGGREGATION,MEDIUM,0.35,50000,20276840,D,48129,4090,36895,11234,2253,4581,4400,3727.545,372.7545,2.8073,4103.1068,15.96,15.95,557,2000,33199,0,45
MEDIUM_AGGREGATION,AGGREGATION,MEDIUM,0.35,50000,20276840,E,48129,4090,36895,11234,2253,4581,4400,3665.136,366.5136,2.8073,4034.4569,17.37,17.35,749,2000,33007,0,58
MEDIUM_AGGREGATION,AGGREGATION,MEDIUM,0.35,50000,20276840,F,48129,4090,36895,11234,2253,4581,4400,3665.136,0,2.8073,3667.9433,17.37,24.86,749,2000,33007,0,52
HIGH_AGGREGATION,AGGREGATION,HIGH,0.7,50000,20261002,A,48166,4133,48166,0,0,0,0,4440.008,444.0008,2.4083,4886.4171,0,0,665,2000,44011,0,40
HIGH_AGGREGATION,AGGREGATION,HIGH,0.7,50000,20261002,B,48166,4133,45814,2352,2352,0,0,4095.51,409.551,3.254,4508.315,7.76,7.74,629,2000,41759,0,37
HIGH_AGGREGATION,AGGREGATION,HIGH,0.7,50000,20261002,C,48166,4133,37191,10975,2088,8887,0,3741.84,374.184,2.8229,4118.8469,15.72,15.71,621,2000,33406,0,40
HIGH_AGGREGATION,AGGREGATION,HIGH,0.7,50000,20261002,D,48166,4133,28522,19644,2097,8887,8660,3381.25,338.125,2.3894,3721.7644,23.85,23.83,613,2000,25016,0,44
HIGH_AGGREGATION,AGGREGATION,HIGH,0.7,50000,20261002,E,48166,4133,28522,19644,2097,8887,8660,3311.728,331.1728,2.3894,3645.2902,25.41,25.4,826,2000,24803,0,54
HIGH_AGGREGATION,AGGREGATION,HIGH,0.7,50000,20261002,F,48166,4133,28522,19644,2097,8887,8660,3311.728,0,2.3894,3314.1174,25.41,32.18,826,2000,24803,0,52
HIGH_AGGREGATION,AGGREGATION,HIGH,0.7,50000,20268921,A,48087,4096,48087,0,0,0,0,4479.898,447.9898,2.4044,4930.2922,0,0,596,2000,44001,0,39
HIGH_AGGREGATION,AGGREGATION,HIGH,0.7,50000,20268921,B,48087,4096,45860,2227,2227,0,0,4153.248,415.3248,3.2547,4571.8275,7.29,7.27,577,2000,41854,0,36
HIGH_AGGREGATION,AGGREGATION,HIGH,0.7,50000,20268921,C,48087,4096,37258,10829,1982,8847,0,3800.146,380.0146,2.8246,4182.9852,15.17,15.16,567,2000,33533,0,44
HIGH_AGGREGATION,AGGREGATION,HIGH,0.7,50000,20268921,D,48087,4096,28656,19431,1988,8847,8596,3441.026,344.1026,2.3945,3787.5231,23.19,23.18,557,2000,25210,0,41
HIGH_AGGREGATION,AGGREGATION,HIGH,0.7,50000,20268921,E,48087,4096,28656,19431,1988,8847,8596,3370.484,337.0484,2.3945,3709.9269,24.76,24.75,764,2000,25003,0,59
HIGH_AGGREGATION,AGGREGATION,HIGH,0.7,50000,20268921,F,48087,4096,28656,19431,1988,8847,8596,3370.484,0,2.3945,3372.8785,24.76,31.59,764,2000,25003,0,57
HIGH_AGGREGATION,AGGREGATION,HIGH,0.7,50000,20276840,A,48114,3969,48114,0,0,0,0,4467.218,446.7218,2.4057,4916.3455,0,0,555,2000,44069,0,38
HIGH_AGGREGATION,AGGREGATION,HIGH,0.7,50000,20276840,B,48114,3969,45775,2339,2339,0,0,4116.95,411.695,3.251,4531.896,7.84,7.82,537,2000,41793,0,36
HIGH_AGGREGATION,AGGREGATION,HIGH,0.7,50000,20276840,C,48114,3969,37156,10958,2063,8895,0,3763.918,376.3918,2.8201,4143.1299,15.74,15.73,521,2000,33456,0,38
HIGH_AGGREGATION,AGGREGATION,HIGH,0.7,50000,20276840,D,48114,3969,28486,19628,2072,8895,8661,3402.944,340.2944,2.3866,3745.625,23.82,23.81,505,2000,25063,0,44
HIGH_AGGREGATION,AGGREGATION,HIGH,0.7,50000,20276840,E,48114,3969,28486,19628,2072,8895,8661,3345.671,334.5671,2.3866,3682.6247,25.11,25.09,687,2000,24881,0,52
HIGH_AGGREGATION,AGGREGATION,HIGH,0.7,50000,20276840,F,48114,3969,28486,19628,2072,8895,8661,3345.671,0,2.3866,3348.0576,25.11,31.9,687,2000,24881,0,51
LOW_FEP,FEP,LOW,0.05,50000,20261002,A,48111,4025,48111,0,0,0,0,4488.333,448.8333,2.4056,4939.5718,0,0,129,2000,44492,0,36
LOW_FEP,FEP,LOW,0.05,50000,20261002,B,48111,4025,45776,2335,2335,0,0,4133.571,413.3571,3.251,4550.1791,7.9,7.88,127,2000,42204,0,37
LOW_FEP,FEP,LOW,0.05,50000,20261002,C,48111,4025,41352,6759,2200,4559,0,3956.935,395.6935,3.0298,4355.6583,11.84,11.82,125,2000,37940,0,44
LOW_FEP,FEP,LOW,0.05,50000,20261002,D,48111,4025,36971,11140,2205,4559,4376,3776.645,377.6645,2.8108,4157.1203,15.86,15.84,123,2000,33713,0,42
LOW_FEP,FEP,LOW,0.05,50000,20261002,E,48111,4025,36971,11140,2205,4559,4376,3761.831,376.1831,2.8108,4140.8249,16.19,16.17,166,2000,33670,0,62
LOW_FEP,FEP,LOW,0.05,50000,20261002,F,48111,4025,36971,11140,2205,4559,4376,3761.831,0,2.8108,3764.6418,16.19,23.79,166,2000,33670,0,56
LOW_FEP,FEP,LOW,0.05,50000,20268921,A,48110,4167,48110,0,0,0,0,4512.012,451.2012,2.4055,4965.6187,0,0,152,2000,44468,0,44
LOW_FEP,FEP,LOW,0.05,50000,20268921,B,48110,4167,45821,2289,2289,0,0,4172.649,417.2649,3.2532,4593.1672,7.52,7.5,148,2000,42230,0,45
LOW_FEP,FEP,LOW,0.05,50000,20268921,C,48110,4167,41440,6670,2142,4528,0,3996.191,399.6191,3.0342,4398.8443,11.43,11.41,144,2000,37982,0,44
LOW_FEP,FEP,LOW,0.05,50000,20268921,D,48110,4167,37079,11031,2149,4528,4354,3815.559,381.5559,2.8162,4199.931,15.44,15.42,140,2000,33749,0,45
LOW_FEP,FEP,LOW,0.05,50000,20268921,E,48110,4167,37079,11031,2149,4528,4354,3800.247,380.0247,2.8162,4183.0878,15.77,15.76,184,2000,33705,0,58
LOW_FEP,FEP,LOW,0.05,50000,20268921,F,48110,4167,37079,11031,2149,4528,4354,3800.247,0,2.8162,3803.0632,15.77,23.41,184,2000,33705,0,60
LOW_FEP,FEP,LOW,0.05,50000,20276840,A,48122,3955,48122,0,0,0,0,4448.714,444.8714,2.4061,4895.9915,0,0,101,2000,44531,0,44
LOW_FEP,FEP,LOW,0.05,50000,20276840,B,48122,3955,45722,2400,2400,0,0,4093.38,409.338,3.2485,4505.9665,7.99,7.97,98,2000,42178,0,41
LOW_FEP,FEP,LOW,0.05,50000,20276840,C,48122,3955,41390,6732,2269,4463,0,3918.956,391.8956,3.0319,4313.8835,11.91,11.89,98,2000,37972,0,42
LOW_FEP,FEP,LOW,0.05,50000,20276840,D,48122,3955,37110,11012,2273,4463,4276,3739.68,373.968,2.8179,4116.4659,15.94,15.92,98,2000,33796,0,46
LOW_FEP,FEP,LOW,0.05,50000,20276840,E,48122,3955,37110,11012,2273,4463,4276,3727.86,372.786,2.8179,4103.4639,16.2,16.19,134,2000,33760,0,63
LOW_FEP,FEP,LOW,0.05,50000,20276840,F,48122,3955,37110,11012,2273,4463,4276,3727.86,0,2.8179,3730.6779,16.2,23.8,134,2000,33760,0,60
MEDIUM_FEP,FEP,MEDIUM,0.25,50000,20261002,A,48106,4043,48106,0,0,0,0,4455.612,445.5612,2.4053,4903.5785,0,0,668,2000,43948,0,47
MEDIUM_FEP,FEP,MEDIUM,0.25,50000,20261002,B,48106,4043,45766,2340,2340,0,0,4105.194,410.5194,3.2504,4518.9638,7.86,7.84,634,2000,41698,0,46
MEDIUM_FEP,FEP,MEDIUM,0.25,50000,20261002,C,48106,4043,41321,6785,2219,4566,0,3926.092,392.6092,3.0282,4321.7294,11.88,11.87,626,2000,37401,0,49
MEDIUM_FEP,FEP,MEDIUM,0.25,50000,20261002,D,48106,4043,36944,11162,2222,4566,4374,3744.252,374.4252,2.8093,4121.4865,15.97,15.95,618,2000,33154,0,40
MEDIUM_FEP,FEP,MEDIUM,0.25,50000,20261002,E,48106,4043,36944,11162,2222,4566,4374,3676.411,367.6411,2.8093,4046.8614,17.49,17.47,822,2000,32950,0,56
MEDIUM_FEP,FEP,MEDIUM,0.25,50000,20261002,F,48106,4043,36944,11162,2222,4566,4374,3676.411,0,2.8093,3679.2203,17.49,24.97,822,2000,32950,0,55
MEDIUM_FEP,FEP,MEDIUM,0.25,50000,20268921,A,48106,4233,48106,0,0,0,0,4499.319,449.9319,2.4053,4951.6562,0,0,673,2000,43943,0,41
MEDIUM_FEP,FEP,MEDIUM,0.25,50000,20268921,B,48106,4233,45839,2267,2267,0,0,4164.095,416.4095,3.2541,4583.7586,7.45,7.43,652,2000,41762,0,41
MEDIUM_FEP,FEP,MEDIUM,0.25,50000,20268921,C,48106,4233,41465,6641,2125,4516,0,3985.259,398.5259,3.0354,4386.8203,11.43,11.41,638,2000,37526,0,39
MEDIUM_FEP,FEP,MEDIUM,0.25,50000,20268921,D,48106,4233,37126,10980,2128,4516,4336,3804.379,380.4379,2.8184,4187.6353,15.45,15.43,624,2000,33340,0,42
MEDIUM_FEP,FEP,MEDIUM,0.25,50000,20268921,E,48106,4233,37126,10980,2128,4516,4336,3733.468,373.3468,2.8184,4109.6332,17.02,17,837,2000,33127,0,57
MEDIUM_FEP,FEP,MEDIUM,0.25,50000,20268921,F,48106,4233,37126,10980,2128,4516,4336,3733.468,0,2.8184,3736.2864,17.02,24.54,837,2000,33127,0,52
MEDIUM_FEP,FEP,MEDIUM,0.25,50000,20276840,A,48129,4090,48129,0,0,0,0,4435.578,443.5578,2.4064,4881.5422,0,0,579,2000,44060,0,38
MEDIUM_FEP,FEP,MEDIUM,0.25,50000,20276840,B,48129,4090,45734,2395,2395,0,0,4086.179,408.6179,3.2493,4498.0462,7.88,7.86,558,2000,41744,0,38
MEDIUM_FEP,FEP,MEDIUM,0.25,50000,20276840,C,48129,4090,41296,6833,2252,4581,0,3909.017,390.9017,3.0274,4302.9461,11.87,11.85,557,2000,37466,0,44
MEDIUM_FEP,FEP,MEDIUM,0.25,50000,20276840,D,48129,4090,36895,11234,2253,4581,4400,3727.545,372.7545,2.8073,4103.1068,15.96,15.95,557,2000,33199,0,47
MEDIUM_FEP,FEP,MEDIUM,0.25,50000,20276840,E,48129,4090,36895,11234,2253,4581,4400,3665.136,366.5136,2.8073,4034.4569,17.37,17.35,749,2000,33007,0,54
MEDIUM_FEP,FEP,MEDIUM,0.25,50000,20276840,F,48129,4090,36895,11234,2253,4581,4400,3665.136,0,2.8073,3667.9433,17.37,24.86,749,2000,33007,0,51
HIGH_FEP,FEP,HIGH,0.6,50000,20261002,A,48153,4001,48153,0,0,0,0,4418.531,441.8531,2.4076,4862.7918,0,0,1523,2000,43140,0,39
HIGH_FEP,FEP,HIGH,0.6,50000,20261002,B,48153,4001,45818,2335,2335,0,0,4072.857,407.2857,3.254,4483.3967,7.82,7.8,1451,2000,40925,0,40
HIGH_FEP,FEP,HIGH,0.6,50000,20261002,C,48153,4001,41410,6743,2202,4541,0,3893.129,389.3129,3.0336,4285.4755,11.89,11.87,1425,2000,36678,0,43
HIGH_FEP,FEP,HIGH,0.6,50000,20261002,D,48153,4001,37054,11099,2203,4541,4355,3711.023,371.1023,2.8158,4084.9411,16.01,16,1400,2000,32474,0,46
HIGH_FEP,FEP,HIGH,0.6,50000,20261002,E,48153,4001,37054,11099,2203,4541,4355,3553.647,355.3647,2.8158,3911.8275,19.57,19.56,1874,2000,32000,0,61
HIGH_FEP,FEP,HIGH,0.6,50000,20261002,F,48153,4001,37054,11099,2203,4541,4355,3553.647,0,2.8158,3556.4628,19.57,26.86,1874,2000,32000,0,53
HIGH_FEP,FEP,HIGH,0.6,50000,20268921,A,48149,4127,48149,0,0,0,0,4459.816,445.9816,2.4074,4908.205,0,0,1539,2000,43120,0,39
HIGH_FEP,FEP,HIGH,0.6,50000,20268921,B,48149,4127,45905,2244,2244,0,0,4120.804,412.0804,3.2582,4536.1426,7.6,7.58,1481,2000,40983,0,37
HIGH_FEP,FEP,HIGH,0.6,50000,20268921,C,48149,4127,41339,6810,2094,4716,0,3935.16,393.516,3.0299,4331.7059,11.76,11.75,1457,2000,36598,0,43
HIGH_FEP,FEP,HIGH,0.6,50000,20268921,D,48149,4127,36807,11342,2100,4716,4526,3746.376,374.6376,2.8033,4123.8169,16,15.98,1433,2000,32227,0,49
HIGH_FEP,FEP,HIGH,0.6,50000,20268921,E,48149,4127,36807,11342,2100,4716,4526,3577.95,357.795,2.8033,3938.5483,19.77,19.76,1931,2000,31729,0,61
HIGH_FEP,FEP,HIGH,0.6,50000,20268921,F,48149,4127,36807,11342,2100,4716,4526,3577.95,0,2.8033,3580.7533,19.77,27.05,1931,2000,31729,0,62
HIGH_FEP,FEP,HIGH,0.6,50000,20276840,A,48101,4171,48101,0,0,0,0,4400.506,440.0506,2.405,4842.9616,0,0,1560,2000,43051,0,38
HIGH_FEP,FEP,HIGH,0.6,50000,20276840,B,48101,4171,45735,2366,2366,0,0,4052.646,405.2646,3.2488,4461.1594,7.91,7.88,1505,2000,40788,0,41
HIGH_FEP,FEP,HIGH,0.6,50000,20276840,C,48101,4171,41228,6873,2218,4655,0,3875.344,387.5344,3.0234,4265.9018,11.93,11.92,1488,2000,36460,0,49
HIGH_FEP,FEP,HIGH,0.6,50000,20276840,D,48101,4171,36761,11340,2221,4655,4464,3694.668,369.4668,2.8001,4066.9349,16.04,16.02,1473,2000,32157,0,45
HIGH_FEP,FEP,HIGH,0.6,50000,20276840,E,48101,4171,36761,11340,2221,4655,4464,3526.425,352.6425,2.8001,3881.8676,19.86,19.85,1979,2000,31651,0,53
HIGH_FEP,FEP,HIGH,0.6,50000,20276840,F,48101,4171,36761,11340,2221,4655,4464,3526.425,0,2.8001,3529.2251,19.86,27.13,1979,2000,31651,0,58
