scenario,size,arm,seeds,meta_savings_mean,meta_savings_sd,meta_savings_min,meta_savings_max,total_savings_mean,total_savings_sd,messages_avoided_mean
LOW_DUPLICATION,10000,B,3,5.49,0.09,5.43,5.59,5.47,0.09,219
LOW_DUPLICATION,10000,C,3,9.81,0.15,9.66,9.95,9.79,0.15,1145.33
LOW_DUPLICATION,10000,D,3,14.05,0.21,13.83,14.25,14.03,0.21,2054
LOW_DUPLICATION,10000,E,3,15.33,0.25,15.05,15.54,15.32,0.25,2054
LOW_DUPLICATION,10000,F,3,15.33,0.25,15.05,15.54,23.01,0.23,2054
MEDIUM_DUPLICATION,10000,B,3,7.91,0.46,7.4,8.29,7.88,0.46,478
MEDIUM_DUPLICATION,10000,C,3,11.85,0.49,11.29,12.21,11.83,0.49,1330.33
MEDIUM_DUPLICATION,10000,D,3,15.81,0.5,15.23,16.13,15.79,0.5,2177.67
MEDIUM_DUPLICATION,10000,E,3,17.27,0.25,16.98,17.43,17.25,0.25,2177.67
MEDIUM_DUPLICATION,10000,F,3,17.27,0.25,16.98,17.43,24.76,0.23,2177.67
HIGH_DUPLICATION,10000,B,3,12.64,0.23,12.5,12.9,12.62,0.23,890.33
HIGH_DUPLICATION,10000,C,3,16.42,0.19,16.21,16.54,16.4,0.19,1657.67
HIGH_DUPLICATION,10000,D,3,20.27,0.31,20,20.61,20.25,0.31,2436.33
HIGH_DUPLICATION,10000,E,3,21.61,0.53,21.07,22.12,21.59,0.53,2436.33
HIGH_DUPLICATION,10000,F,3,21.61,0.53,21.07,22.12,28.71,0.48,2436.33
LOW_AGGREGATION,10000,B,3,7.89,0.41,7.47,8.28,7.87,0.41,475
LOW_AGGREGATION,10000,C,3,9.22,0.5,8.75,9.74,9.2,0.5,755.67
LOW_AGGREGATION,10000,D,3,10.48,0.56,10,11.09,10.46,0.56,1013.33
LOW_AGGREGATION,10000,E,3,11.86,0.4,11.48,12.27,11.83,0.4,1013.33
LOW_AGGREGATION,10000,F,3,11.86,0.4,11.48,12.27,19.84,0.36,1013.33
MEDIUM_AGGREGATION,10000,B,3,7.91,0.46,7.4,8.29,7.88,0.46,478
MEDIUM_AGGREGATION,10000,C,3,11.85,0.49,11.29,12.21,11.83,0.49,1330.33
MEDIUM_AGGREGATION,10000,D,3,15.81,0.5,15.23,16.13,15.79,0.5,2177.67
MEDIUM_AGGREGATION,10000,E,3,17.27,0.25,16.98,17.43,17.25,0.25,2177.67
MEDIUM_AGGREGATION,10000,F,3,17.27,0.25,16.98,17.43,24.76,0.23,2177.67
HIGH_AGGREGATION,10000,B,3,7.66,0.37,7.29,8.03,7.64,0.37,464.33
HIGH_AGGREGATION,10000,C,3,15.72,0.22,15.52,15.95,15.7,0.22,2164
HIGH_AGGREGATION,10000,D,3,23.84,0.35,23.46,24.14,23.83,0.35,3877.33
HIGH_AGGREGATION,10000,E,3,25.39,0.42,25.01,25.84,25.38,0.42,3877.33
HIGH_AGGREGATION,10000,F,3,25.39,0.42,25.01,25.84,32.16,0.38,3877.33
LOW_FEP,10000,B,3,8.05,0.57,7.44,8.57,8.02,0.57,477.33
LOW_FEP,10000,C,3,12.09,0.47,11.54,12.39,12.07,0.47,1346.33
LOW_FEP,10000,D,3,16.12,0.46,15.68,16.59,16.1,0.46,2211
LOW_FEP,10000,E,3,16.4,0.39,16.01,16.78,16.39,0.39,2211
LOW_FEP,10000,F,3,16.4,0.39,16.01,16.78,23.99,0.35,2211
MEDIUM_FEP,10000,B,3,7.91,0.46,7.4,8.29,7.88,0.46,478
MEDIUM_FEP,10000,C,3,11.85,0.49,11.29,12.21,11.83,0.49,1330.33
MEDIUM_FEP,10000,D,3,15.81,0.5,15.23,16.13,15.79,0.5,2177.67
MEDIUM_FEP,10000,E,3,17.27,0.25,16.98,17.43,17.25,0.25,2177.67
MEDIUM_FEP,10000,F,3,17.27,0.25,16.98,17.43,24.76,0.23,2177.67
HIGH_FEP,10000,B,3,7.91,0.4,7.45,8.19,7.89,0.4,465
HIGH_FEP,10000,C,3,11.88,0.42,11.39,12.14,11.86,0.42,1321
HIGH_FEP,10000,D,3,15.79,0.47,15.25,16.11,15.77,0.47,2168.67
HIGH_FEP,10000,E,3,19.18,0.03,19.15,19.2,19.16,0.03,2168.67
HIGH_FEP,10000,F,3,19.18,0.03,19.15,19.2,26.51,0.03,2168.67
LOW_DUPLICATION,50000,B,3,5.12,0.18,5.01,5.33,5.1,0.18,1056.67
LOW_DUPLICATION,50000,C,3,9.27,0.15,9.14,9.44,9.26,0.16,5764.33
LOW_DUPLICATION,50000,D,3,13.49,0.14,13.34,13.62,13.48,0.14,10366.67
LOW_DUPLICATION,50000,E,3,15.1,0.2,14.87,15.23,15.09,0.2,10366.67
LOW_DUPLICATION,50000,F,3,15.1,0.2,14.87,15.23,22.8,0.18,10366.67
MEDIUM_DUPLICATION,50000,B,3,7.73,0.24,7.45,7.88,7.71,0.24,2334
MEDIUM_DUPLICATION,50000,C,3,11.73,0.26,11.43,11.88,11.71,0.26,6753
MEDIUM_DUPLICATION,50000,D,3,15.79,0.3,15.45,15.97,15.78,0.3,11125.33
MEDIUM_DUPLICATION,50000,E,3,17.29,0.24,17.02,17.49,17.27,0.24,11125.33
MEDIUM_DUPLICATION,50000,F,3,17.29,0.24,17.02,17.49,24.79,0.22,11125.33
HIGH_DUPLICATION,50000,B,3,12.34,0.08,12.29,12.44,12.32,0.08,4427
HIGH_DUPLICATION,50000,C,3,16.02,0.08,15.96,16.11,16.01,0.07,8295.67
HIGH_DUPLICATION,50000,D,3,19.77,0.19,19.63,19.99,19.75,0.19,12216
HIGH_DUPLICATION,50000,E,3,21.14,0.21,20.93,21.34,21.12,0.21,12216
HIGH_DUPLICATION,50000,F,3,21.14,0.21,20.93,21.34,28.29,0.19,12216
LOW_AGGREGATION,50000,B,3,7.73,0.3,7.39,7.92,7.71,0.3,2316.33
LOW_AGGREGATION,50000,C,3,8.91,0.36,8.51,9.2,8.89,0.36,3657.67
LOW_AGGREGATION,50000,D,3,10,0.42,9.55,10.39,9.98,0.42,4894.67
LOW_AGGREGATION,50000,E,3,11.49,0.32,11.14,11.77,11.47,0.32,4894.67
LOW_AGGREGATION,50000,F,3,11.49,0.32,11.14,11.77,19.51,0.29,4894.67
MEDIUM_AGGREGATION,50000,B,3,7.73,0.24,7.45,7.88,7.71,0.24,2334
MEDIUM_AGGREGATION,50000,C,3,11.73,0.26,11.43,11.88,11.71,0.26,6753
MEDIUM_AGGREGATION,50000,D,3,15.79,0.3,15.45,15.97,15.78,0.3,11125.33
MEDIUM_AGGREGATION,50000,E,3,17.29,0.24,17.02,17.49,17.27,0.24,11125.33
MEDIUM_AGGREGATION,50000,F,3,17.29,0.24,17.02,17.49,24.79,0.22,11125.33
HIGH_AGGREGATION,50000,B,3,7.63,0.3,7.29,7.84,7.61,0.3,2306
HIGH_AGGREGATION,50000,C,3,15.54,0.32,15.17,15.74,15.53,0.32,10920.67
HIGH_AGGREGATION,50000,D,3,23.62,0.37,23.19,23.85,23.61,0.37,19567.67
HIGH_AGGREGATION,50000,E,3,25.09,0.33,24.76,25.41,25.08,0.33,19567.67
HIGH_AGGREGATION,50000,F,3,25.09,0.33,24.76,25.41,31.89,0.3,19567.67
LOW_FEP,50000,B,3,7.8,0.25,7.52,7.99,7.78,0.25,2341.33
LOW_FEP,50000,C,3,11.73,0.26,11.43,11.91,11.71,0.26,6720.33
LOW_FEP,50000,D,3,15.75,0.27,15.44,15.94,15.73,0.27,11061
LOW_FEP,50000,E,3,16.05,0.25,15.77,16.2,16.04,0.24,11061
LOW_FEP,50000,F,3,16.05,0.25,15.77,16.2,23.67,0.22,11061
MEDIUM_FEP,50000,B,3,7.73,0.24,7.45,7.88,7.71,0.24,2334
MEDIUM_FEP,50000,C,3,11.73,0.26,11.43,11.88,11.71,0.26,6753
MEDIUM_FEP,50000,D,3,15.79,0.3,15.45,15.97,15.78,0.3,11125.33
MEDIUM_FEP,50000,E,3,17.29,0.24,17.02,17.49,17.27,0.24,11125.33
MEDIUM_FEP,50000,F,3,17.29,0.24,17.02,17.49,24.79,0.22,11125.33
HIGH_FEP,50000,B,3,7.78,0.16,7.6,7.91,7.75,0.16,2315
HIGH_FEP,50000,C,3,11.86,0.09,11.76,11.93,11.85,0.09,6808.67
HIGH_FEP,50000,D,3,16.02,0.02,16,16.04,16,0.02,11260.33
HIGH_FEP,50000,E,3,19.73,0.15,19.57,19.86,19.72,0.15,11260.33
HIGH_FEP,50000,F,3,19.73,0.15,19.57,19.86,27.01,0.14,11260.33
